Requirement_ID,Journey,Outcome,Rationale,Priority,Target_Release,State,Acceptance,Contract_Refs,Decision_Record
UR-001,Authoring,"Users can describe ordinary organizational processes in a minimal, declarative, human-authorable FLO file without learning graph, IR, renderer-configuration, or execution concepts.","Keeps process models readable, portable, and versionable.",Must,Current,Implemented,"A valid minimal source can express a named process with stable step IDs, start, work, and end steps; advanced metadata remains optional and the model compiles without scripting constructs.",docs/specs/core_language.md; docs/FLO_Manifesto.md,
UR-002,Authoring,Every FLO source declares a supported spec_version; the current supported value is 0.1.,Makes language evolution and migration explicit.,Must,Current,Implemented,Missing or unsupported spec_version is rejected with an actionable diagnostic.,docs/specs/core_language.md,
UR-003,Authoring,"Users assign stable, unique IDs to steps and process entities.","Allows reliable references, diffs, diagnostics, and telemetry alignment.",Must,Current,Implemented,Duplicate step IDs are rejected and IDs survive compilation into canonical IR.,docs/specs/core_language.md; docs/User_Manual.md,
UR-004,Authoring,Users can author ordinary control flow as an ordered steps list without writing every edge.,Reduces ceremony for common linear processes.,Must,Current,Implemented,"When no explicit transitions or edges exist, adjacent non-end steps are connected deterministically, except branching steps with outcomes.",docs/specs/core_language.md,
UR-005,Authoring,Users can define labeled decision branches locally with outcomes.,Makes branching readable near the decision that owns it.,Must,Current,Implemented,Outcome labels compile to outgoing edges and every decision has at least two outgoing compiled edges.,docs/specs/core_language.md,
UR-006,Authoring,Advanced users can author explicit transitions or edges for non-local control flow.,Supports complex models without making graph-first authoring the default.,Must,Current,Implemented,"An explicit transition list takes precedence over implicit sequential synthesis and supports labels, handoff, rework, edge type, and metadata.",docs/specs/core_language.md; docs/User_Manual.md,
UR-007,Authoring,Users can compose large models from relative include files.,Allows maintainable modular process models.,Must,Current,Implemented,"Includes load relative to the current file, remain inside the source trust root, respect deterministic resource limits, merge before the entry file, and reject cycles and duplicate step IDs.",docs/specs/core_language.md; docs/User_Manual.md; docs/policy/source_trust.md,
UR-008,Process model,"Users can give a process stable identity, a display name, version information, ownership context, and metadata.",Preserves business context around the process definition.,Must,Current,Implemented,"Canonical IR retains explicit process ID, display name, version, ownership context, and supplied metadata through canonical export; process version is not dropped or conflated with FLO spec_version.",README.md; docs/specs/core_language.md,Authored integer and string process.version values are preserved as first-class canonical IR identity and emitted by supported JSON export without conflation with spec_version.
UR-009,Process model,"Users can declare typed items that flow through a process, with material and information as canonical kinds.",Supports mixed physical and information flows.,Must,Current,Implemented,Canonical items validate by ID and kind and are referenceable through consumes and produces.,docs/specs/core_language.md,
UR-010,Process model,"Users can declare typed resources, with person and equipment as canonical kinds.",Makes performers and enabling equipment explicit.,Must,Current,Implemented,Resources validate by ID and kind and are referenceable through performed_by and uses.,docs/specs/core_language.md,
UR-011,Process model,Users can declare first-class locations and optional spatial metadata.,Enables movement and facility-layout analysis without changing core control flow.,Must,Current,Implemented,"Steps can reference declared locations and locations may carry coordinates, units, kinds, and optional area boundaries.",docs/specs/core_language.md; docs/User_Manual.md,
UR-012,Process model,"Users can relate steps to items, people, equipment, and locations with canonical relations.","Describes what work transforms, who performs it, what enables it, and where it occurs.",Must,Current,Implemented,"consumes, produces, performed_by, uses, and location references validate against declared entities and compatible kinds.",docs/specs/core_language.md,
UR-013,Process model,"Users can model work and control points with start, end, task, system_task, queue, wait, decision, subprocess, parallel_split, and parallel_join step kinds.",Covers the current process-first vocabulary without BPMN-scale complexity.,Must,Current,Implemented,"Each canonical step kind parses, compiles, validates, and is preserved for projections; nested subprocess membership survives canonical JSON export independently of future presentation choices.",docs/specs/core_language.md; docs/design/adr/canonical_ir_metadata_and_subprocess_hierarchy.md,
UR-014,Timing,Users model queue delay separately from active work and setup or changeover time.,Preserves Lean diagnostic meaning and points to the right improvement method.,Must,Current,Implemented,wait_time is accepted only on queue nodes; active work/setup fields are rejected on queues and accepted on work-like nodes.,docs/specs/core_language.md,
UR-015,Control flow,Users can represent cycles and rework explicitly without making rework a step kind.,Models real iterative processes while keeping rework semantics visible.,Must,Current,Implemented,Cycles are valid; rework is an edge relation and rework edges remain distinguishable in outputs.,docs/specs/core_language.md; docs/specs/cli_error_contract.md,
UR-016,Control flow,Users can mark a transition as a handoff independently of lane changes and rework.,Captures responsibility or custody transfer explicitly.,Must,Current,Implemented,"handoff accepts a boolean structural value, may coexist with rework, and optional typed metadata does not contradict it.",docs/specs/core_language.md,
UR-017,Control flow,Users can model true concurrent paths with explicit parallel split and join steps.,Distinguishes all-of concurrency from ordinary one-of branching.,Must,Current,Implemented,Splits have at least two outgoing edges and reach a join; joins have at least two incoming edges and are reachable from a split.,docs/specs/core_language.md,
UR-018,Validation,Users can validate a model without rendering or exporting it.,Supports fast authoring feedback and CI checks.,Must,Current,Implemented,"flo validate parses, compiles, and reports structural and semantic failures with the documented exit class.",docs/User_Manual.md; docs/specs/cli_error_contract.md,
UR-019,Validation,Validation failures are actionable for people and structured for automation.,Lets people and automation quickly locate and classify defects.,Must,0.4,Committed,"Diagnostics provide a stable code, filename, line, column, FLO field path, source excerpt, suggested correction, and include chain where applicable; a machine-readable format preserves the same fields.",docs/specs/cli_error_contract.md,
UR-020,Compilation,Equivalent supported source forms compile deterministically to one canonical graph-shaped IR.,"Creates a stable basis for rendering, analysis, and downstream integration.",Must,Current,Implemented,Repeated compilation of equivalent input yields schema-aligned nodes and edges with stable IDs and no guessed ambiguous semantics.,README.md; docs/specs/core_language.md,
UR-021,Export,Users can export canonical schema-shaped JSON.,Provides a machine-readable integration artifact.,Must,Current,Implemented,"flo export emits JSON conforming to schema/flo_ir.json and preserves process, node, and edge structure.",README.md; docs/User_Manual.md,
UR-022,Export,Users can export human-readable item and resource summaries.,Supports operational review without parsing JSON.,Should,Current,Implemented,The ingredients export returns a readable summary from canonical process entities.,README.md; docs/User_Manual.md,
UR-023,Export,Users can export inferred movement summaries.,Supports operational movement analysis outside a diagram.,Should,Current,Implemented,The movement export returns material and/or people movement information derived from canonical semantics.,README.md; docs/User_Manual.md,
UR-024,Rendering,"Users can produce a readable default SVG from a valid model without selecting renderer internals, while retaining explicit output and advanced-view controls.","Provides vector artifacts suitable for reports, notebooks, slides, and documentation.",Must,0.4,Committed,"A one-command render chooses the maintained default view and sensible output behavior, emits visible degradation warnings, and supports stdout or an explicit target without payload corruption.",docs/User_Manual.md; docs/design/artifact_taxonomy.md,
UR-025,Rendering,"Users can select swimlane, spaghetti, or SPPM diagram semantics where supported.","Provides views for responsibility, movement, and rich process mapping.",Must,Current,Implemented,Each listed diagram supports the documented current SVG backend pairing and preserves its normative semantics.,docs/specs/render_capabilities.md; docs/specs/swimlane.md; docs/specs/spaghetti_map.md; docs/specs/sppm.md,Flowchart was available only through 0.1.x and is removed in 0.2.0.
UR-026,Rendering,Users are guided to maintained diagram surfaces after flowchart direct SVG rendering was removed in 0.2.0.,Avoids investing in a removed output surface.,Must,0.2,Implemented,Current docs list swimlane and SPPM as maintained alternatives and no current quick workflow recommends flowchart.,README.md; docs/ROADMAP.md; docs/User_Manual.md,Removal confirmed; active guidance must not present flowchart as a supported renderer.
UR-027,Swimlane,Users can organize process steps by responsibility lane while keeping unassigned steps visible.,Makes ownership and cross-responsibility flow understandable even with partial metadata.,Must,Current,Implemented,"Assigned nodes are grouped by lane, unassigned nodes remain renderable, and cross-lane edges remain understandable.",docs/specs/swimlane.md,
UR-028,Spaghetti,"Users can visualize material movement, people movement, or both.",Supports focused waste and travel-path analysis.,Must,Current,Implemented,"Channel selection produces the requested movement surface from canonical item, resource, and location semantics.",docs/specs/spaghetti_map.md; docs/User_Manual.md,
UR-029,Spaghetti,Users can aggregate people movement by location pair or inspect worker-level movement when identity data exists.,Balances overview and staffing-specific analysis.,Should,Current,Implemented,Aggregate mode combines routes; worker mode distinguishes available worker identities and degrades predictably when identity is absent.,docs/User_Manual.md; docs/design/renderers/spaghetti.md,
UR-030,Spaghetti,"Spaghetti maps use declared locations and optional spatial boundaries, with predictable degradation when spatial metadata is incomplete.",Allows useful maps before perfect facility data exists.,Must,Current,Implemented,Known coordinates and boundaries are honored; incomplete positions or performer metadata produce usable output or actionable diagnostics rather than silent corruption.,docs/specs/spaghetti_map.md; docs/User_Manual.md,
UR-031,SPPM,"Users can render a rich process map with Lean value class, timing, performer, queue, decision, and rework information.","Supports operational communication, work instruction, review, and continuous improvement.",Must,Current,Implemented,"SPPM preserves process semantics and visibly distinguishes value class, decisions, queues, outcomes, and rework where data exists.",docs/specs/sppm.md; docs/User_Manual.md,
UR-032,SPPM,"Users can choose built-in or configured SPPM themes, including print and monochrome treatments.","Supports screen, print, and organization-specific presentation needs.",Should,Current,Implemented,Known themes resolve deterministically; malformed or missing custom themes fall back to the built-in default with readable output.,docs/User_Manual.md,
UR-033,SPPM,"Users can control orientation, wrapping, fit, spacing, label density, truncation, numbering, and output profile through intent-oriented options.",Makes dense maps readable without exposing raw geometry knobs.,Should,Current,Implemented,"Documented controls validate before render, combine deterministically, and produce repeatable SVG.",docs/User_Manual.md; docs/design/renderers/sppm_layout_enhancement.md,
UR-034,SPPM,"Users can select top-level, child-map, or bounded inline subprocess projections while collapsed subprocesses retain discovery cues.",Supports both overview and drill-down from one model.,Should,0.4,Committed,Projection selection preserves process meaning; parent-only hides children; child-map includes context; inline expansion falls back according to readability policy.,docs/User_Manual.md; docs/design/renderers/sppm_layout_enhancement.md; docs/design/adr/canonical_ir_metadata_and_subprocess_hierarchy.md; docs/ROADMAP.md,"Serialized subprocess hierarchy is a current promise; complete automatic child-map, pagination-fallback, and bounded-inline presentation behavior belongs to 0.4."
UR-035,Publication,"Users can produce deterministic standalone SPPM SVG artifacts with publication context.",Makes process maps usable as self-contained review and work-instruction artifacts before multi-page publication ships.,Must,0.2,Implemented,"The single-page SPPM publication plan supplies enabled header and footer content, named page-format geometry, and deterministic context rows; the SVG renderer emits those bands without changing the process layout or requiring pagination.",docs/design/publication_model.md; docs/design/renderers/sppm_layout_enhancement.md; docs/ROADMAP.md,0.2 standalone publication context is implemented; multi-page publication remains a separate 0.4 commitment.
UR-036,Configuration,Users can apply SPPM profile and diagrams.toml defaults while explicit CLI flags retain highest precedence.,Makes repeatable rendering configurable without losing one-off overrides.,Should,Current,Implemented,"Resolution order is CLI, explicit config keys, preset overrides, then built-in defaults for current configuration surfaces.",docs/User_Manual.md,
UR-037,Configuration,Users can optionally store named multi-view render intent in the FLO source and select a view from the CLI.,"Lets one process model reproducibly produce complementary SPPM, swimlane, spaghetti, or value-stream perspectives.",Should,Ongoing,Committed,"Source supports stable view IDs with optional labels, defaults plus named view deltas, shared publication/layout intent, renderer-specific subtrees, unit-bearing dimensions with bare-number pixel compatibility, --view selection, --list-views enumeration, and dominant CLI overrides.",docs/design/render_intent_schema.md; schema/flo_ir.json,Contract approved: stable machine IDs plus optional labels; shared publication/layout sections with renderer-specific subtrees; px/in/cm/mm dimensions with bare numbers treated as px.
UR-038,CLI,Users can read a model from stdin and write payloads to stdout using '-' paths.,Supports POSIX pipelines and automation.,Must,Current,Implemented,Input '-' reads stdin; output '-' writes stdout; payloads remain parse-safe.,docs/specs/cli_error_contract.md; docs/User_Manual.md,
UR-039,CLI,"Users and automation can rely on stable exit-code meanings for success, usage, parse, compile, validation, render, and internal errors.",Makes CI integration predictable.,Must,Current,Implemented,"Exit codes 0, 1, 2, 3, 4, 5, and 70 map to the documented classes.",docs/specs/cli_error_contract.md,
UR-040,CLI,Unsupported diagram/backend requests fail early with an actionable usage error instead of silently switching backends.,Prevents surprising or misleading artifacts.,Must,Current,Implemented,"The error includes requested diagram, requested backend, and supported backends and returns exit code 1 before dispatch.",docs/specs/render_capabilities.md; docs/specs/cli_error_contract.md,
UR-041,CLI,Render-only options are rejected when a non-render export is requested.,Prevents meaningless option combinations and ambiguous output.,Must,Current,Implemented,"JSON, ingredients, and movement export combined with render-only flags returns usage exit code 1.",docs/specs/cli_error_contract.md,
UR-042,Artifacts,"Users receive reproducible direct SVG and JSON artifacts for the same resolved process or process variant, options, version, and supported platform.","Enables trustworthy diffs, releases, and regression review.",Must,1.0,Committed,"Representative release-corpus artifacts are byte-stable and enforced by release-blocking tests; resolved family, variant, and process-version identity participates in artifact provenance when applicable.",docs/ROADMAP.md; docs/design/adr/process_variants.md,
UR-043,Runtime,FLO supports Python 3.14 as its documented runtime baseline.,Provides a clear installation and support target.,Must,1.0,Committed,Wheel and source installs run on Python 3.14 and smoke tests pass before 1.0.,docs/User_Manual.md; docs/ROADMAP.md,
UR-044,Analytics,"Users can obtain static analysis for handoffs, rework, path length, and step classification without telemetry.",Delivers improvement insight from the designed process alone.,Should,0.3,Implemented,"Analysis outputs have a stable schema, representative fixtures, and actionable diagnostics.",docs/specs/static_analysis.md; docs/ROADMAP.md,"Implemented through flo inspect --analysis structure with deterministic text and JSON reports; inference signals remain distinct from authored semantics."
UR-045,Telemetry,"Users can align potentially sensitive trace events to stable concrete FLO model identities and analyze observed transition, wait, and rework behavior.",Connects designed processes to observed performance.,Must,0.4; 0.5; 0.7,Committed,"Designed models and observed traces remain separate; 0.4 provides validated local-first event import and explicit identity alignment, 0.5 adds aggregate transition, wait, and rework analysis, and accepted variant support must align to an exact concrete process ID and version rather than guess from family identity or dimensions.",docs/specs/telemetry_events.md; docs/policy/telemetry_privacy.md; docs/ROADMAP.md; docs/design/adr/process_variants.md,Approved telemetry boundaries remain in force; process-variant alignment semantics are proposed in docs/design/adr/process_variants.md.
UR-046,Diagram roadmap,Users can render a value stream map that distinguishes material and information flow and degrades clearly when one surface is absent.,Supports lean flow analysis beyond control-flow diagrams.,Must,0.3; 0.4; 1.0,Implemented,"The 0.3 release supports the value_stream SVG diagram, rendered output satisfies the value-stream-map normative characteristics, and the renderer meets stable-tier gates in 0.4.",docs/specs/value_stream_map.md; docs/specs/render_capabilities.md; docs/ROADMAP.md,"The maintained 0.3 renderer is implemented; stable-tier promotion and broader release-corpus gates remain owned by 0.4 and 1.0."
UR-047,Artifact conversion,Users can derive raster or PDF convenience graphics from canonical SVG using external tooling until FLO owns those paths.,Supports consumers that cannot embed SVG without making raster/PDF the canonical diagram truth.,Could,Current,Implemented,Documentation clearly states FLO emits SVG directly and conversion is external; derived artifacts preserve visual fidelity.,docs/User_Manual.md; docs/design/artifact_taxonomy.md,
UR-048,Scope boundary,"Users are not led to expect workflow execution, task scheduling, orchestration, or runtime simulation from FLO.",Keeps the product focused and avoids unsafe expectation drift.,Must,Out of scope,Committed,Product documentation and CLI surfaces do not claim or implement these runtime capabilities.,README.md; docs/FLO_Manifesto.md; docs/ROADMAP.md,
UR-049,Documentation,Process-improvement professionals can learn FLO through a task-based quickstart and use a separate complete reference without repository or compiler knowledge.,Reduces onboarding time while preserving detailed guidance.,Should,0.4,Committed,"A representative first-time user can install FLO, create a valid three-to-five-step model, validate it, and render SVG in about ten minutes using only the quickstart; the reference covers full syntax, options, and diagnostics without contradictions.",docs/Quickstart.md; docs/User_Manual.md,The split is approved.
UR-050,Product milestone,"FLO 0.4 is an explicit MVP defined by a complete install, create, validate, render, and exchange journey, distinct from the 1.0 compatibility and stability milestone.",Prevents the first viable product from being delayed until every long-term contract is frozen.,Must,0.4,Committed,"The 0.4 acceptance demonstration covers end-user installation, scaffolded authoring, actionable validation, readable default rendering, canonical export, and a supported downstream integration baseline; 1.0 retains later freeze and support gates.",docs/ROADMAP.md; docs/requirements/user_requirements.csv,0.4 is the MVP; 1.0 remains the later compatibility and stability milestone.
UR-051,Install,Users can install and run FLO through an end-user path without cloning the repository or configuring a development environment.,Makes the plain-text modeling workflow accessible outside the contributor environment.,Must,0.4; 0.8,Committed,"The 0.4 quickstart uses a documented isolated tool invocation on a supported Python runtime; 0.8 adds fresh-machine, wheel, source-distribution, and cross-platform smoke tests. A self-contained binary is required only if user research shows Python remains a material barrier.",docs/ROADMAP.md; docs/Quickstart.md,Approved: use a simple tool-install or uvx-style path for 0.4 and treat self-contained binaries as evidence-driven follow-up.
UR-052,Create,"Users can create a valid starter model from built-in templates for linear flow, decisions, handoffs, rework, and value-stream modeling, with assisted stable-ID generation.",Removes blank-file anxiety while keeping identity explicit and portable.,Must,0.4,Committed,"A scaffold command lists and creates maintained templates, generates explicit collision-free IDs, previews its target, and refuses to overwrite an existing file without explicit confirmation.",docs/ROADMAP.md,Approved: IDs remain explicit in saved source but normal users receive generation and management assistance.
UR-053,Understand,"Users can inspect a model's process summary, includes, entities, paths, available views, and data missing for a requested analysis or diagram.",Lets authors understand model completeness before tuning a render or interpreting an analysis.,Should,0.3; 0.7,Implemented,"A stable inspect report works for a single file or composed entry model and distinguishes invalid data, absent optional data, and projection-specific readiness advice; accepted family support also enumerates variants, dimensions, concrete identities, versions, and source composition.",docs/specs/model_inspection.md; docs/ROADMAP.md; docs/policy/artifact_scope.md; docs/design/adr/process_variants.md,"The 0.3 single-process report is implemented; the same report contract retains the committed 0.7 extension for accepted process-family identities, dimensions, and variants."
UR-054,Exchange,"Downstream tools can use a supported public Python API to parse, validate, compile, inspect, and export FLO models without private imports or CLI-text scraping.",Makes FLO a dependable language boundary for lss4py and other analysis tools.,Must,0.4; 0.7; 1.0,Committed,"A documented facade covers the supported pipeline, returns typed results and structured diagnostics, has compatibility tests, enters freeze candidate in 0.7, and is stable at 1.0.",docs/ROADMAP.md; docs/specs/core_language.md,"Approved: the supported integration surface includes Python API, canonical JSON, CLI, and the source writer."
UR-055,Exchange,Downstream tools can emit deterministic valid .flo source through a supported writer with stable IDs and semantic round-trip equivalence.,Completes two-way plain-text interchange rather than limiting integrations to JSON consumption.,Must,0.7; 1.0,Committed,"Canonical IR written to .flo parses, validates, and recompiles to equivalent canonical semantics; ordering and formatting are deterministic, accepted family and variant identity survives round trip, and unsupported information is never silently discarded.",docs/ROADMAP.md; docs/specs/core_language.md; docs/design/adr/process_variants.md,"Approved: the programmatic writer guarantees semantic, not lexical, round-trip fidelity; variant preservation remains subject to the proposed variant ADR."
UR-056,Maintain,Users can format .flo files deterministically in check or write mode without changing meaning or discarding comments.,Keeps text models reviewable and safe to version-control.,Should,0.7,Committed,"Formatting is idempotent, preserves comments, supports stdin/check/write workflows, proves canonical semantic equivalence before replacing a file, and preserves accepted process-family manifests and variant composition without reordering their meaning.",docs/ROADMAP.md; docs/design/adr/process_variants.md,Approved: comment preservation is mandatory for the formatter even though the programmatic writer is semantic; variant formatting remains subject to the proposed variant ADR.
UR-057,Exchange,"External tools can attach namespaced extension metadata that survives compilation, canonical export, and .flo emission without altering core FLO semantics.",Allows analysis tools to enrich models without forcing their worldview into the language core.,Must,0.7; 1.0,Committed,"The extension namespace contract prevents collisions, preserves unknown namespaced payloads deterministically, and excludes extension data from core meaning unless a later specification promotes it.",docs/ROADMAP.md; docs/policy/artifact_scope.md,
UR-058,Share,"Users can create a shareable review bundle containing selected visuals, canonical JSON, model identity and version, provenance, and warnings in one operation.",Supports review meetings and downstream handoff without manual artifact assembly.,Should,0.4; 0.7,Committed,"A deterministic manifest identifies source version, FLO version, selected views, generated files, and non-fatal warnings; when a process family is used it also records exact family, variant, concrete process, and process-version identity; every referenced artifact exists and is reproducible.",docs/ROADMAP.md; docs/design/publication_model.md; docs/design/adr/process_variants.md,
UR-059,Share,"Maintained visuals are accessible and understandable in color-safe, monochrome, print, and common color-vision conditions.","Makes process models usable across reports, workshops, and organizational accessibility needs.",Must,0.4; 1.0,Committed,"Renderer fixtures verify non-color semantic cues, contrast, legible text, and monochrome output; accessibility criteria are release-blocking for stable renderer promotion.",docs/ROADMAP.md; docs/specs/render_capabilities.md,
UR-060,Author,"Users receive a published FLO source-authoring schema, starter snippets, and basic editor validation distinct from the canonical IR schema.",Provides immediate feedback and completion without requiring a full IDE-specific product.,Should,0.8,Committed,"The source schema covers supported authoring syntax including any accepted process-family and variant documents, is versioned with the language, and can be associated with .flo files in common schema-aware editors; maintained snippets validate against it.",docs/ROADMAP.md; docs/specs/core_language.md; docs/design/adr/process_variants.md,Approved: basic schema-based editor support precedes any full language server; variant schema details remain subject to the proposed variant ADR.
UR-061,Maintain,"Users can migrate older supported FLO source versions through a dry-run, diffable, non-destructive workflow.",Makes language evolution safe for long-lived process models.,Must,0.8; 1.0,Committed,"Migration reports each transformation and warning, preserves an untouched source unless write mode is explicit, is idempotent, produces source accepted by the target specification, and preserves or explicitly reports any process-family and variant identity transformation.",docs/ROADMAP.md; docs/design/adr/process_variants.md,
UR-062,Import,"Users can import a documented BPMN subset into .flo with source identities and an explicit fidelity report for mapped, approximated, ignored, and unsupported constructs.",Provides a practical bridge from existing process repositories without importing BPMN complexity into the core language.,Must,Post-1.0,Committed,"The importer is one-way, never silently guesses unsupported semantics, preserves applicable BPMN IDs, emits valid .flo, and produces a machine- and human-readable fidelity report; BPMN export and round-trip guarantees are excluded.",docs/ROADMAP.md; docs/policy/artifact_scope.md,Approved: one-way subset import only; no BPMN export or round-trip guarantee in the first feature.
UR-063,Maintain,Users can safely rename process entities and update references across composed FLO files with refactoring tooling.,Reduces identity-maintenance mistakes in large plain-text model sets.,Should,Post-1.0,Committed,"A dry run lists every affected definition and reference, write mode updates the complete include graph atomically, and validation passes after the refactor.",docs/ROADMAP.md,
UR-064,Publication,"Users can produce deterministic multi-page SPPM publications with continuation anchors, stable step references, and child maps.",Makes long processes usable as standalone review and work-instruction documents.,Must,0.4,Committed,"A long model produces page-aware output with stable references, deterministic warnings, strict-mode failures when hard limits cannot be met, and child-map context across the publication series.",docs/design/publication_model.md; docs/design/renderers/sppm_layout_enhancement.md; docs/ROADMAP.md,Release ownership approved: complete multi-page SPPM publication acceptance occurs in 0.4 before stable renderer status.
UR-065,Process families,"Users can organize related concrete process definitions into a named process family with stable family, variant, concrete-process, and version identities.","Keeps site-specific, product-specific, service-level, and as-is/to-be process definitions related without conflating them with runtime branches or historical revisions.",Must,0.7; 1.0,Proposed,"A family has an explicit stable ID; every variant has an explicit stable variant ID, globally unambiguous concrete process ID, independent version, and optional descriptive dimensions; all identities survive resolution and canonical export.",docs/design/adr/process_variants.md; docs/specs/core_language.md,Open decision: ratify the process-family source artifact and exact family/variant identity fields before the 0.7 language freeze candidate.
UR-066,Variant authoring,Users can reuse shared process fragments across variants while declaring variant differences explicitly and without hidden mutation or order-dependent overrides.,Reduces duplication while keeping every concrete process understandable and safe to review.,Must,0.7; 1.0,Proposed,"Every selected variant resolves to one complete independently valid process; missing sources, cycles, duplicate identities, and composition conflicts produce source-aware diagnostics; resolving one variant cannot modify shared source or another variant.",docs/design/adr/process_variants.md; docs/specs/core_language.md,Open decision: begin with manifest-selected concrete entry files and ordinary includes; defer any typed add/replace/remove overlay contract until representative variant corpora prove it necessary.
UR-067,Variant operations,"Users and automation can list, select, inspect, validate, render, and export one declared process variant or all declared variants.",Makes process variants operationally first-class rather than metadata that downstream commands ignore.,Must,0.7; 1.0,Proposed,"Omitted selection succeeds only for one available variant or an explicit default; ambiguous selection fails; all-variant operations use stable ordering, collision-free artifact names, and per-variant results and diagnostics.",docs/design/adr/process_variants.md; docs/specs/cli_error_contract.md,Open decision: ratify CLI command and option names plus public API result types for single-variant and all-variant operations.
UR-068,Variant comparison,Users can compare two concrete process variants and receive deterministic structural and semantic differences based on stable identities.,"Supports standardization, rollout planning, local-versus-global review, and as-is/to-be analysis without relying on visual inspection alone.",Should,0.8; 1.0,Proposed,"Human- and machine-readable reports distinguish added, removed, and changed steps, transitions, items, resources, locations, and metadata; matching uses stable IDs rather than approximate names and explicitly flags semantic changes under a shared ID.",docs/design/adr/process_variants.md; docs/policy/artifact_scope.md,Open decision: define the normalized comparison report schema and decide which metadata differences are core semantic changes versus descriptive changes.
UR-069,Variant telemetry,Users can align observations to an exact concrete process variant and version and request family-level aggregation only explicitly.,Prevents telemetry from being silently attributed to the wrong local implementation while still enabling cross-variant analysis.,Must,0.7; 1.0,Proposed,"Alignment requires an exact concrete process ID and version under the existing explicit mapping rules; FLO never guesses from family identity, display names, or variant dimensions; family reports retain contributing variant identities.",docs/design/adr/process_variants.md; docs/specs/telemetry_events.md; docs/policy/telemetry_privacy.md,Open decision: decide whether family-level aggregate reports extend the existing telemetry report schema in 0.7 or remain a later analysis surface.
UR-070,Render geometry,"Users can request exact or bounded output width and height, physical or pixel units, page orientation, margins, scaling behavior, and overflow policy for supported renders and publications.","Makes diagrams fit predictable report, slide, print, web, and embedded-artifact constraints without trial-and-error geometry tuning.",Should,0.4; 1.0,Proposed,"Supported geometry requests resolve deterministically and report the resolved canvas or page dimensions; exact and bounded sizing have distinct documented behavior; conflicting constraints produce actionable diagnostics; fit or overflow behavior never silently clips process content; repeated renders with identical resolved input and options produce identical geometry and bytes on the supported platform.",docs/design/render_intent_schema.md; docs/design/publication_model.md; docs/design/renderers/sppm_layout_enhancement.md,Open decision: ratify exact-versus-bounded width and height semantics, aspect-ratio behavior, page-orientation vocabulary, scaling limits, and strict versus fallback overflow policy before the 0.4 publication acceptance gate.
UR-071,White Belt book,Users can build a correct book-sized wash-and-fold process image deterministically from maintained FLO source.,Unlocks the White Belt process-mapping material without relying on a broken historical Graphviz asset or a manually edited diagram.,Must,0.3,Implemented,"A dedicated White Belt wash-and-fold corpus case uses the maintained explicit-queue process semantics and produces a legible compact SVG with coherent sequence routing, no clipped or overlapping content, and no broken row-boundary connectors; a documented clean-checkout command regenerates the artifact byte-identically; the SPPM drift gate protects its SVG and normalized layout; and the book-consumed asset is copied or verified from that generated artifact without hand editing.",docs/specs/sppm.md; examples/conformance/sppm_corpus.json; scripts/build_sppm_baseline_artifacts.py; scripts/check_sppm_baseline_drift.py; scripts/build_white_belt_book_artifact.py; docs/User_Manual.md; docs/ROADMAP.md,Implemented as the washnfold_white_belt book-profile corpus case with four deterministic LR continuation rows; placement-core node packing; explicit boundary corridors; overlap and orthogonality invariants; byte-stable SVG and layout goldens; and a generated-only book asset copy/check command.
UR-072,Publication styling,"Users can choose a deterministic publication background color, font family, and typography scale through named themes, profiles, reusable render intent, and explicit overrides.",Provides meaningful book and report customization without exposing per-element styling complexity.,Should,0.3,Implemented,"Supported SVG publication views accept a validated canvas background, an ordered font-family value, and a bounded typography scale; the settings follow the standard render-intent precedence; apply consistently to header, body, footer, and derived text sizes; preserve legibility; and produce byte-identical output for identical resolved input.",docs/design/render_intent_schema.md; docs/specs/render_themes.md; docs/specs/sppm.md; docs/ROADMAP.md,Approved for 0.3 as the small publication-quality styling surface; exact physical geometry and multi-page composition belong to 0.4.
UR-073,Analyze,"Users can inspect declared cycle, queue-wait, setup or changeover, and modeled lead time without FLO silently combining incompatible paths or inventing missing measurements.",Makes Lean timing summaries trustworthy enough to support current-state and future-state comparison.,Must,0.3,Implemented,"Validated canonical IR produces unit-normalized node contributions, declared graph totals, deterministic acyclic path summaries, a single modeled lead time only for one complete path, and min/max path values for complete alternatives; missing timing, cycles, parallel flow, ambiguous aliases, and bounded-path limits produce explicit diagnostics.",docs/specs/static_analysis.md; docs/specs/core_language.md; docs/ROADMAP.md,The canonical-IR engine is exposed through flo inspect as concise text or deterministic JSON and supplies derived SPPM publication-footer timing without renderer-side arithmetic.
UR-074,Diagram theming,"Users can select, create, and centrally adjust named themes that apply shared publication styling and semantic visual roles consistently across maintained SVG diagrams.","Lets teams create recognizable book, print, screen, and organization-specific diagram systems without editing renderer code or repeating style values in every process.",Should,0.3,Implemented,"A top-level diagrams.toml theme registry supports built-in and user-defined names, one-parent inheritance with partial overrides, shared canvas and typography settings, semantic color roles, registered renderer extensions, profile/render-intent/CLI selection, actionable validation diagnostics, accessible fallbacks, and byte-identical output for identical resolved inputs; per-node arbitrary styling is not required.",docs/specs/render_themes.md; docs/design/render_intent_schema.md; docs/specs/render_capabilities.md; docs/ROADMAP.md,Approved as a shared cross-diagram theme system; migrate the existing SPPM-only registry through a compatibility adapter rather than creating parallel theme mechanisms.
UR-075,Observed event import,"Users can import process-event logs from CSV, XES, and OCEL 2 into one validated FLO observed-event representation for model alignment and analysis.","Lets teams use common tabular, case-centric, and object-centric process-mining data without manually rewriting logs or coupling source formats to downstream analysis.",Must,0.7; 0.8; 1.0,Committed,"Local explicit imports accept documented CSV, XES, and OCEL 2 profiles; normalize supported identities, activities, timestamps, lifecycle values, attributes, and object relationships deterministically; and leave FLO source and canonical designed-process IR unchanged.",docs/specs/telemetry_events.md; docs/policy/telemetry_privacy.md; docs/design/adr/observed_event_mining.md; docs/ROADMAP.md,"Approved: 0.7 establishes CSV, XES, and OCEL 2 JSON ingress; OCEL 2 XML and SQLite follow in 0.8 through the same observed-event boundary."
UR-076,Observed event import,"Users can see exactly how an imported event log was interpreted and what could not be represented or aligned.","Prevents silent column guessing, lossy object-centric flattening, and false confidence in analyses derived from incomplete mappings.",Must,0.7; 0.8; 1.0,Committed,"Every import produces deterministic human- and machine-readable diagnostics or a fidelity report covering the selected profile, field and classifier mappings, accepted and rejected records, unsupported constructs, preserved object relationships, and any explicit case-centric projection; strict mode fails on loss or ambiguity selected by the contract.",docs/specs/telemetry_events.md; docs/specs/cli_error_contract.md; docs/policy/telemetry_privacy.md; docs/design/adr/observed_event_mining.md; docs/ROADMAP.md,"Approved: import must be inspectable and must never silently guess ambiguous mappings or flatten OCEL 2 relationships."
UR-077,Process discovery,"Users can derive one or more inspectable candidate process models from an observed-event dataset and use the resulting ordinary process IR with FLO renderers and model-analysis tools.","Allows teams to infer likely process structure from operational evidence without creating a separate visualization-only model format.",Should,0.8; 1.0,Committed,"A documented discovery method transforms validated observed-event IR into deterministic candidate canonical process IR for a fixed algorithm version and configuration; every candidate records source-dataset provenance, parameters, evidence or confidence, limitations, and diagnostics; and no candidate silently becomes authored process truth.",docs/specs/telemetry_events.md; docs/design/artifact_taxonomy.md; docs/design/adr/observed_event_mining.md; docs/ROADMAP.md,"Approved: discovery emits candidate ordinary process models through a provenance-bearing result envelope; explicit user acceptance or export is required before treating a candidate as designed source."
UR-078,Process conformance,"Users can compare observed behavior with a selected canonical process model, understand matches and deviations, and inspect candidate observed variants without altering the reference model.","Supports validation of intended work, identification of unexpected paths, and evidence-based variant analysis.",Must,0.7; 1.0,Committed,"Conformance consumes validated observed-event IR plus an exact process ID and version; reports deterministic fitness and deviation evidence under a documented method; associates findings with stable model and event identities; may emit provenance-bearing candidate variant process IR; and never mutates the reference model or silently promotes observed behavior into canonical source.",docs/specs/telemetry_events.md; docs/design/artifact_taxonomy.md; docs/design/adr/process_variants.md; docs/design/adr/observed_event_mining.md; docs/ROADMAP.md,"Approved: trace variants and structural process variants remain distinct; candidate process variants require explicit acceptance into authored process-family source."
UR-079,Measurement profiles,"Users and downstream tools can author and exchange timing profiles containing multiple explicitly identified statistics with units, basis, sample context, and external evidence references.","Preserves the meaning and provenance of manually calculated or generated measurements without making FLO an event repository or statistical-computation system.",Must,0.5; 0.7; 1.0,Committed,"Source, canonical IR, schema, JSON export, writer, and public Python APIs preserve one or more statistic results; explicit observed, simulated, estimated, planned, or target basis; sample count and unit; cohort, window, and aggregation context where supplied; method parameters; namespaced extension methods; and opaque evidence references without fetching or embedding external evidence.",docs/design/adr/measurement_profiles_and_evidence.md; docs/policy/artifact_scope.md; docs/ROADMAP.md,"Approved: replace the scalar duration contract through a coordinated pre-1.0 breaking migration; lss4py and manual authors use the same producer-neutral profile."
UR-080,Measurement presentation,"Users can choose compact, detailed, and machine-readable projections of measurement profiles without losing unsupported or non-displayed results.","Keeps diagrams readable while allowing future interactive inspection, complete print publication, and lossless downstream interchange.",Should,0.5; 0.6; 0.7; 1.0,Committed,"Compact output shows the explicit primary statistic and approved sample context; detail output exposes all supported statistics, method parameters, basis, sample context, and evidence identity; machine output preserves the complete profile; required meaning never depends on hover, clicking, scripting, or color; unsupported shapes produce diagnostics rather than silent coercion.",docs/design/adr/measurement_projection_and_analysis.md; docs/design/render_platform_target_architecture.md; docs/ROADMAP.md,"Approved: detail is a renderer-neutral semantic projection; interactive hosts and print publications may expose it differently."
UR-081,Observed frequency,"Users can represent branch and rework evidence with distinct affected-work-unit counts, repeated occurrence counts, and explicit denominators.","Prevents affected orders from being confused with correction occurrences and makes displayed frequencies interpretable and auditable.",Must,0.6; 0.7; 1.0,Committed,"Edge profiles preserve affected work units, occurrences, denominator work units, units, basis, cohort, window, aggregation context, and evidence reference where supplied; compact output includes the denominator; FLO never infers one occurrence per affected work unit or pools incompatible cohorts.",docs/design/adr/observed_branch_and_rework_frequency.md; docs/specs/telemetry_events.md; docs/ROADMAP.md,"Approved: traversal and rework incidence belong to edge profiles; correction-task timing remains a separate activity profile."
UR-082,Measurement missingness,"Users can distinguish omitted, invalid, unavailable, and measured-zero timing values in validation, analysis, machine output, and maintained diagrams.","Prevents missing evidence from becoming a false zero-duration claim during authoring or rendering.",Must,0.4; 1.0,Committed,"Focused fixtures prove absent queue wait is not normalized to zero; valid zero remains present; malformed timing produces diagnostics; unavailable requested statistics retain a reason; compact views may omit unavailable optional metrics but never display them as measured zero.",docs/design/adr/measurement_profiles_and_evidence.md; docs/User_Manual.md; docs/ROADMAP.md,"Approved as a 0.4 correctness and renderer-stabilization obligation independent of the later profile implementation."
